Algorithm,Size,Time(seconds)
bubble,500,0.000520
selection,500,0.000291
insertion,500,0.000032
shell,500,0.000062
heap,500,0.000024
merge,500,0.000034
quick,500,0.000018
comb,500,0.000025
cocktail,500,0.000509
cycle,500,0.000241
gnome,500,0.000476
tim,500,0.000014
counting,500,0.000010
radix,500,0.000010
bucket,500,0.000010
pigeonhole,500,0.000013
bitonic,500,0.000066
stooge,500,0.036936
oddeven,500,0.000138
strand,500,0.000038
intro,500,0.000022
bubble,600,0.000643
selection,600,0.000375
insertion,600,0.000037
shell,600,0.000025
heap,600,0.000023
merge,600,0.000031
quick,600,0.000018
comb,600,0.000024
cocktail,600,0.000657
cycle,600,0.000305
gnome,600,0.000718
tim,600,0.000020
counting,600,0.000012
radix,600,0.000012
bucket,600,0.000013
pigeonhole,600,0.000022
bitonic,600,0.000085
stooge,600,0.040930
oddeven,600,0.000212
strand,600,0.000056
intro,600,0.000016
bubble,700,0.000872
selection,700,0.000677
insertion,700,0.000049
shell,700,0.000031
heap,700,0.000028
merge,700,0.000040
quick,700,0.000026
comb,700,0.000036
cocktail,700,0.000878
cycle,700,0.000432
gnome,700,0.000951
tim,700,0.000024
counting,700,0.000009
radix,700,0.000014
bucket,700,0.000015
pigeonhole,700,0.000015
bitonic,700,0.000089
stooge,700,0.036220
oddeven,700,0.000415
strand,700,0.000067
intro,700,0.000018
bubble,800,0.001006
selection,800,0.000759
insertion,800,0.000072
shell,800,0.000040
heap,800,0.000037
merge,800,0.000056
quick,800,0.000030
comb,800,0.000040
cocktail,800,0.001140
cycle,800,0.000527
gnome,800,0.001040
tim,800,0.000025
counting,800,0.000007
radix,800,0.000014
bucket,800,0.000016
pigeonhole,800,0.000015
bitonic,800,0.000097
stooge,800,0.110798
oddeven,800,0.000357
strand,800,0.000089
intro,800,0.000023
bubble,900,0.001292
selection,900,0.000860
insertion,900,0.000078
shell,900,0.000048
heap,900,0.000046
merge,900,0.000062
quick,900,0.000032
comb,900,0.000044
cocktail,900,0.001244
cycle,900,0.000631
gnome,900,0.001307
tim,900,0.000030
counting,900,0.000010
radix,900,0.000019
bucket,900,0.000020
pigeonhole,900,0.000018
bitonic,900,0.000178
stooge,900,0.109286
oddeven,900,0.000443
strand,900,0.000111
intro,900,0.000029
bubble,1000,0.001663
selection,1000,0.001055
insertion,1000,0.000107
shell,1000,0.000060
heap,1000,0.000056
merge,1000,0.000073
quick,1000,0.000039
comb,1000,0.000054
cocktail,1000,0.001865
cycle,1000,0.000911
gnome,1000,0.002078
tim,1000,0.000042
counting,1000,0.000009
radix,1000,0.000021
bucket,1000,0.000027
pigeonhole,1000,0.000021
bitonic,1000,0.000145
stooge,1000,0.108080
oddeven,1000,0.000618
strand,1000,0.000125
intro,1000,0.000037
bubble,1100,0.002070
selection,1100,0.001230
insertion,1100,0.000128
shell,1100,0.000063
heap,1100,0.000062
merge,1100,0.000078
quick,1100,0.000044
comb,1100,0.000058
cocktail,1100,0.002014
cycle,1100,0.000945
gnome,1100,0.002098
tim,1100,0.000044
counting,1100,0.000016
radix,1100,0.000023
bucket,1100,0.000029
pigeonhole,1100,0.000021
bitonic,1100,0.000147
stooge,1100,0.314083
oddeven,1100,0.000747
strand,1100,0.000139
intro,1100,0.000039
bubble,1200,0.002231
selection,1200,0.001541
insertion,1200,0.000154
shell,1200,0.000095
heap,1200,0.000093
merge,1200,0.000094
quick,1200,0.000054
comb,1200,0.000072
cocktail,1200,0.002915
cycle,1200,0.001333
gnome,1200,0.002474
tim,1200,0.000053
counting,1200,0.000009
radix,1200,0.000024
bucket,1200,0.000036
pigeonhole,1200,0.000022
bitonic,1200,0.000190
stooge,1200,0.316078
oddeven,1200,0.000820
strand,1200,0.000137
intro,1200,0.000037
bubble,1300,0.002733
selection,1300,0.001770
insertion,1300,0.000176
shell,1300,0.000073
heap,1300,0.000068
merge,1300,0.000093
quick,1300,0.000054
comb,1300,0.000075
cocktail,1300,0.002800
cycle,1300,0.001392
gnome,1300,0.003547
tim,1300,0.000055
counting,1300,0.000009
radix,1300,0.000026
bucket,1300,0.000041
pigeonhole,1300,0.000024
bitonic,1300,0.000206
stooge,1300,0.312309
oddeven,1300,0.000805
strand,1300,0.000175
intro,1300,0.000043
bubble,1400,0.003065
selection,1400,0.001970
insertion,1400,0.000221
shell,1400,0.000087
heap,1400,0.000075
merge,1400,0.000096
quick,1400,0.000061
comb,1400,0.000085
cocktail,1400,0.003186
cycle,1400,0.001558
gnome,1400,0.003625
tim,1400,0.000060
counting,1400,0.000013
radix,1400,0.000028
bucket,1400,0.000050
pigeonhole,1400,0.000026
bitonic,1400,0.000229
stooge,1400,0.326632
oddeven,1400,0.001033
strand,1400,0.000224
intro,1400,0.000052
bubble,1500,0.003478
selection,1500,0.002477
insertion,1500,0.000263
shell,1500,0.000096
heap,1500,0.000091
merge,1500,0.000114
quick,1500,0.000066
comb,1500,0.000078
cocktail,1500,0.004426
cycle,1500,0.001738
gnome,1500,0.003459
tim,1500,0.000053
counting,1500,0.000008
radix,1500,0.000026
bucket,1500,0.000043
pigeonhole,1500,0.000024
bitonic,1500,0.000212
stooge,1500,0.312817
oddeven,1500,0.001155
strand,1500,0.000259
intro,1500,0.000062
bubble,1600,0.004219
selection,1600,0.002593
insertion,1600,0.000257
shell,1600,0.000096
heap,1600,0.000094
merge,1600,0.000123
quick,1600,0.000069
comb,1600,0.000094
cocktail,1600,0.005186
cycle,1600,0.002016
gnome,1600,0.003948
tim,1600,0.000051
counting,1600,0.000007
radix,1600,0.000027
bucket,1600,0.000049
pigeonhole,1600,0.000023
bitonic,1600,0.000233
stooge,1600,0.951166
oddeven,1600,0.001231
strand,1600,0.000277
intro,1600,0.000056
bubble,1700,0.004347
selection,1700,0.002745
insertion,1700,0.000305
shell,1700,0.000115
heap,1700,0.000110
merge,1700,0.000134
quick,1700,0.000077
comb,1700,0.000098
cocktail,1700,0.004512
cycle,1700,0.001984
gnome,1700,0.004548
tim,1700,0.000056
counting,1700,0.000007
radix,1700,0.000027
bucket,1700,0.000047
pigeonhole,1700,0.000024
bitonic,1700,0.000265
stooge,1700,0.946251
oddeven,1700,0.001372
strand,1700,0.000290
intro,1700,0.000068
bubble,1800,0.004615
selection,1800,0.003402
insertion,1800,0.000335
shell,1800,0.000118
heap,1800,0.000109
merge,1800,0.000125
quick,1800,0.000073
comb,1800,0.000104
cocktail,1800,0.004711
cycle,1800,0.002342
gnome,1800,0.004892
tim,1800,0.000060
counting,1800,0.000009
radix,1800,0.000032
bucket,1800,0.000057
pigeonhole,1800,0.000028
bitonic,1800,0.000260
stooge,1800,0.942031
oddeven,1800,0.001499
strand,1800,0.000342
intro,1800,0.000068
bubble,1900,0.005457
selection,1900,0.003429
insertion,1900,0.000366
shell,1900,0.000120
heap,1900,0.000119
merge,1900,0.000141
quick,1900,0.000085
comb,1900,0.000108
cocktail,1900,0.005464
cycle,1900,0.002495
gnome,1900,0.007394
tim,1900,0.000093
counting,1900,0.000013
radix,1900,0.000062
bucket,1900,0.000090
pigeonhole,1900,0.000032
bitonic,1900,0.000312
stooge,1900,0.950515
oddeven,1900,0.001550
strand,1900,0.000386
intro,1900,0.000071
bubble,2000,0.005754
selection,2000,0.003729
insertion,2000,0.000400
shell,2000,0.000122
heap,2000,0.000119
merge,2000,0.000142
quick,2000,0.000081
comb,2000,0.000109
cocktail,2000,0.007203
cycle,2000,0.003503
gnome,2000,0.007564
tim,2000,0.000109
counting,2000,0.000011
radix,2000,0.000045
bucket,2000,0.000085
pigeonhole,2000,0.000037
bitonic,2000,0.000331
stooge,2000,0.933606
oddeven,2000,0.001763
strand,2000,0.000434
intro,2000,0.000079
bubble,2100,0.006678
selection,2100,0.004231
insertion,2100,0.000429
shell,2100,0.000127
heap,2100,0.000128
merge,2100,0.000148
quick,2100,0.000095
comb,2100,0.000119
cocktail,2100,0.006375
cycle,2100,0.003183
gnome,2100,0.008577
tim,2100,0.000075
counting,2100,0.000008
radix,2100,0.000033
bucket,2100,0.000063
pigeonhole,2100,0.000027
bitonic,2100,0.000383
stooge,2100,0.931838
oddeven,2100,0.001866
strand,2100,0.000444
intro,2100,0.000082
bubble,2200,0.007063
selection,2200,0.004492
insertion,2200,0.000459
shell,2200,0.000127
heap,2200,0.000122
merge,2200,0.000152
quick,2200,0.000088
comb,2200,0.000122
cocktail,2200,0.007067
cycle,2200,0.003907
gnome,2200,0.009184
tim,2200,0.000081
counting,2200,0.000012
radix,2200,0.000039
bucket,2200,0.000075
pigeonhole,2200,0.000029
bitonic,2200,0.000302
stooge,2200,0.924336
oddeven,2200,0.002053
strand,2200,0.000440
intro,2200,0.000081
bubble,2300,0.010069
selection,2300,0.005563
insertion,2300,0.000540
shell,2300,0.000148
heap,2300,0.000138
merge,2300,0.000168
quick,2300,0.000097
comb,2300,0.000124
cocktail,2300,0.009622
cycle,2300,0.003914
gnome,2300,0.007712
tim,2300,0.000079
counting,2300,0.000012
radix,2300,0.000042
bucket,2300,0.000091
pigeonhole,2300,0.000032
bitonic,2300,0.000344
stooge,2300,0.933713
oddeven,2300,0.002241
strand,2300,0.000544
intro,2300,0.000090
bubble,2400,0.009771
selection,2400,0.005575
insertion,2400,0.000570
shell,2400,0.000155
heap,2400,0.000141
merge,2400,0.000163
quick,2400,0.000103
comb,2400,0.000142
cocktail,2400,0.011003
cycle,2400,0.004438
gnome,2400,0.009807
tim,2400,0.000099
counting,2400,0.000014
radix,2400,0.000048
bucket,2400,0.000099
pigeonhole,2400,0.000034
bitonic,2400,0.000434
stooge,2400,2.789320
oddeven,2400,0.002545
strand,2400,0.000564
intro,2400,0.000093
bubble,2500,0.010189
selection,2500,0.006056
insertion,2500,0.000562
shell,2500,0.000143
heap,2500,0.000148
merge,2500,0.000167
quick,2500,0.000098
comb,2500,0.000137
cocktail,2500,0.011003
cycle,2500,0.004275
gnome,2500,0.009263
tim,2500,0.000088
counting,2500,0.000014
radix,2500,0.000039
bucket,2500,0.000092
pigeonhole,2500,0.000040
bitonic,2500,0.000412
stooge,2500,2.788543
oddeven,2500,0.002650
strand,2500,0.000837
intro,2500,0.000110
bubble,2600,0.010451
selection,2600,0.006239
insertion,2600,0.000656
shell,2600,0.000163
heap,2600,0.000159
merge,2600,0.000189
quick,2600,0.000116
comb,2600,0.000159
cocktail,2600,0.011974
cycle,2600,0.005394
gnome,2600,0.010038
tim,2600,0.000095
counting,2600,0.000015
radix,2600,0.000050
bucket,2600,0.000106
pigeonhole,2600,0.000038
bitonic,2600,0.000454
stooge,2600,2.814347
oddeven,2600,0.002592
strand,2600,0.000672
intro,2600,0.000108
bubble,2700,0.010163
selection,2700,0.006798
insertion,2700,0.000678
shell,2700,0.000161
heap,2700,0.000151
merge,2700,0.000209
quick,2700,0.000124
comb,2700,0.000163
cocktail,2700,0.012210
cycle,2700,0.004900
gnome,2700,0.011389
tim,2700,0.000183
counting,2700,0.000016
radix,2700,0.000066
bucket,2700,0.000138
pigeonhole,2700,0.000050
bitonic,2700,0.000518
stooge,2700,2.852812
oddeven,2700,0.002830
strand,2700,0.000661
intro,2700,0.000113
bubble,2800,0.011125
selection,2800,0.007316
insertion,2800,0.000800
shell,2800,0.000185
heap,2800,0.000182
merge,2800,0.000292
quick,2800,0.000139
comb,2800,0.000186
cocktail,2800,0.012380
cycle,2800,0.005333
gnome,2800,0.012859
tim,2800,0.000114
counting,2800,0.000011
radix,2800,0.000045
bucket,2800,0.000203
pigeonhole,2800,0.000042
bitonic,2800,0.000448
stooge,2800,2.799681
oddeven,2800,0.003236
strand,2800,0.000692
intro,2800,0.000108
bubble,2900,0.011721
selection,2900,0.007920
insertion,2900,0.001226
shell,2900,0.000245
heap,2900,0.000231
merge,2900,0.000339
quick,2900,0.000182
comb,2900,0.000206
cocktail,2900,0.013420
cycle,2900,0.005740
gnome,2900,0.014086
tim,2900,0.000146
counting,2900,0.000014
radix,2900,0.000078
bucket,2900,0.000199
pigeonhole,2900,0.000043
bitonic,2900,0.000642
stooge,2900,2.818360
oddeven,2900,0.003378
strand,2900,0.000944
intro,2900,0.000154
bubble,3000,0.015095
selection,3000,0.011413
insertion,3000,0.001515
shell,3000,0.000222
heap,3000,0.000198
merge,3000,0.000232
quick,3000,0.000143
comb,3000,0.000185
cocktail,3000,0.015764
cycle,3000,0.006204
gnome,3000,0.015066
tim,3000,0.000113
counting,3000,0.000011
radix,3000,0.000049
bucket,3000,0.000141
pigeonhole,3000,0.000041
bitonic,3000,0.000444
stooge,3000,2.811800
oddeven,3000,0.003391
strand,3000,0.000848
intro,3000,0.000117
bubble,3100,0.013855
selection,3100,0.010019
insertion,3100,0.001357
shell,3100,0.000233
heap,3100,0.000214
merge,3100,0.000328
quick,3100,0.000177
comb,3100,0.000224
cocktail,3100,0.015095
cycle,3100,0.006852
gnome,3100,0.015576
tim,3100,0.000120
counting,3100,0.000015
radix,3100,0.000062
bucket,3100,0.000148
pigeonhole,3100,0.000044
bitonic,3100,0.000489
stooge,3100,2.798447
oddeven,3100,0.003780
strand,3100,0.000828
intro,3100,0.000116
bubble,3200,0.015197
selection,3200,0.011495
insertion,3200,0.001066
shell,3200,0.000233
heap,3200,0.000197
merge,3200,0.000218
quick,3200,0.000152
comb,3200,0.000196
cocktail,3200,0.014655
cycle,3200,0.006765
gnome,3200,0.016853
tim,3200,0.000148
counting,3200,0.000014
radix,3200,0.000064
bucket,3200,0.000154
pigeonhole,3200,0.000041
bitonic,3200,0.000494
stooge,3200,2.830897
oddeven,3200,0.003850
strand,3200,0.000869
intro,3200,0.000132
bubble,3300,0.019343
selection,3300,0.011853
insertion,3300,0.001069
shell,3300,0.000213
heap,3300,0.000218
merge,3300,0.000258
quick,3300,0.000145
comb,3300,0.000192
cocktail,3300,0.016103
cycle,3300,0.008624
gnome,3300,0.016232
tim,3300,0.000115
counting,3300,0.000012
radix,3300,0.000060
bucket,3300,0.000158
pigeonhole,3300,0.000037
bitonic,3300,0.000497
stooge,3300,2.826775
oddeven,3300,0.004569
strand,3300,0.000900
intro,3300,0.000139
bubble,3400,0.018323
selection,3400,0.012746
insertion,3400,0.001100
shell,3400,0.000219
heap,3400,0.000226
merge,3400,0.000269
quick,3400,0.000150
comb,3400,0.000207
cocktail,3400,0.017727
cycle,3400,0.008007
gnome,3400,0.017369
tim,3400,0.000151
counting,3400,0.000017
radix,3400,0.000070
bucket,3400,0.000173
pigeonhole,3400,0.000047
bitonic,3400,0.000532
stooge,3400,2.796951
oddeven,3400,0.004366
strand,3400,0.000919
intro,3400,0.000126
bubble,3500,0.019662
selection,3500,0.012978
insertion,3500,0.001203
shell,3500,0.000242
heap,3500,0.000220
merge,3500,0.000257
quick,3500,0.000158
comb,3500,0.000195
cocktail,3500,0.022352
cycle,3500,0.008361
gnome,3500,0.019984
tim,3500,0.000184
counting,3500,0.000029
radix,3500,0.000110
bucket,3500,0.000299
pigeonhole,3500,0.000069
bitonic,3500,0.000760
stooge,3500,2.792476
oddeven,3500,0.004746
strand,3500,0.000999
intro,3500,0.000135
bubble,3600,0.019033
selection,3600,0.013654
insertion,3600,0.001190
shell,3600,0.000242
heap,3600,0.000243
merge,3600,0.000255
quick,3600,0.000152
comb,3600,0.000218
cocktail,3600,0.020377
cycle,3600,0.008727
gnome,3600,0.021975
tim,3600,0.000177
counting,3600,0.000015
radix,3600,0.000072
bucket,3600,0.000290
pigeonhole,3600,0.000055
bitonic,3600,0.000585
stooge,3600,8.444903
oddeven,3600,0.004830
strand,3600,0.001041
intro,3600,0.000141
bubble,3700,0.020054
selection,3700,0.014254
insertion,3700,0.001255
shell,3700,0.000267
heap,3700,0.000251
merge,3700,0.000267
quick,3700,0.000163
comb,3700,0.000245
cocktail,3700,0.022477
cycle,3700,0.009227
gnome,3700,0.022125
tim,3700,0.000145
counting,3700,0.000034
radix,3700,0.000069
bucket,3700,0.000212
pigeonhole,3700,0.000048
bitonic,3700,0.000584
stooge,3700,8.504278
oddeven,3700,0.005086
strand,3700,0.001102
intro,3700,0.000147
bubble,3800,0.024053
selection,3800,0.013836
insertion,3800,0.001368
shell,3800,0.000266
heap,3800,0.000269
merge,3800,0.000278
quick,3800,0.000240
comb,3800,0.000228
cocktail,3800,0.023734
cycle,3800,0.009599
gnome,3800,0.025380
tim,3800,0.000203
counting,3800,0.000016
radix,3800,0.000076
bucket,3800,0.000237
pigeonhole,3800,0.000049
bitonic,3800,0.000767
stooge,3800,8.529147
oddeven,3800,0.005178
strand,3800,0.001171
intro,3800,0.000179
bubble,3900,0.027860
selection,3900,0.014258
insertion,3900,0.001526
shell,3900,0.000380
heap,3900,0.000377
merge,3900,0.000361
quick,3900,0.000206
comb,3900,0.000410
cocktail,3900,0.025580
cycle,3900,0.010245
gnome,3900,0.024599
tim,3900,0.000163
counting,3900,0.000046
radix,3900,0.000073
bucket,3900,0.000220
pigeonhole,3900,0.000048
bitonic,3900,0.000640
stooge,3900,8.521461
oddeven,3900,0.005640
strand,3900,0.001152
intro,3900,0.000158
bubble,4000,0.025388
selection,4000,0.016931
insertion,4000,0.001570
shell,4000,0.000281
heap,4000,0.000247
merge,4000,0.000307
quick,4000,0.000178
comb,4000,0.000240
cocktail,4000,0.027063
cycle,4000,0.011779
gnome,4000,0.027643
tim,4000,0.000179
counting,4000,0.000018
radix,4000,0.000075
bucket,4000,0.000246
pigeonhole,4000,0.000046
bitonic,4000,0.000654
stooge,4000,8.428291
oddeven,4000,0.005798
strand,4000,0.001173
intro,4000,0.000158
bubble,4100,0.027312
selection,4100,0.015947
insertion,4100,0.001494
shell,4100,0.000324
heap,4100,0.000262
merge,4100,0.000309
quick,4100,0.000184
comb,4100,0.000271
cocktail,4100,0.026133
cycle,4100,0.011375
gnome,4100,0.028100
tim,4100,0.000185
counting,4100,0.000016
radix,4100,0.000081
bucket,4100,0.000332
pigeonhole,4100,0.000053
bitonic,4100,0.000699
stooge,4100,8.459832
oddeven,4100,0.006145
strand,4100,0.001268
intro,4100,0.000160
bubble,4200,0.028351
selection,4200,0.016464
insertion,4200,0.001551
shell,4200,0.000291
heap,4200,0.000272
merge,4200,0.000297
quick,4200,0.000173
comb,4200,0.000247
cocktail,4200,0.029110
cycle,4200,0.011665
gnome,4200,0.029240
tim,4200,0.000276
counting,4200,0.000015
radix,4200,0.000076
bucket,4200,0.000240
pigeonhole,4200,0.000047
bitonic,4200,0.000708
stooge,4200,8.568660
oddeven,4200,0.006557
strand,4200,0.001247
intro,4200,0.000165
bubble,4300,0.028028
selection,4300,0.017287
insertion,4300,0.001607
shell,4300,0.000278
heap,4300,0.000284
merge,4300,0.000340
quick,4300,0.000200
comb,4300,0.000260
cocktail,4300,0.029554
cycle,4300,0.012756
gnome,4300,0.028905
tim,4300,0.000180
counting,4300,0.000014
radix,4300,0.000076
bucket,4300,0.000277
pigeonhole,4300,0.000048
bitonic,4300,0.000753
stooge,4300,8.486936
oddeven,4300,0.006871
strand,4300,0.001316
intro,4300,0.000168
bubble,4400,0.030126
selection,4400,0.019519
insertion,4400,0.001695
shell,4400,0.000311
heap,4400,0.000313
merge,4400,0.000350
quick,4400,0.000196
comb,4400,0.000253
cocktail,4400,0.032512
cycle,4400,0.013130
gnome,4400,0.032937
tim,4400,0.000274
counting,4400,0.000019
radix,4400,0.000079
bucket,4400,0.000301
pigeonhole,4400,0.000051
bitonic,4400,0.000778
stooge,4400,8.494171
oddeven,4400,0.007149
strand,4400,0.001355
intro,4400,0.000200
bubble,4500,0.030781
selection,4500,0.020425
insertion,4500,0.002053
shell,4500,0.000292
heap,4500,0.000291
merge,4500,0.000321
quick,4500,0.000302
comb,4500,0.000282
cocktail,4500,0.032923
cycle,4500,0.013601
gnome,4500,0.032527
tim,4500,0.000201
counting,4500,0.000016
radix,4500,0.000160
bucket,4500,0.000460
pigeonhole,4500,0.000059
bitonic,4500,0.000804
stooge,4500,8.524877
oddeven,4500,0.007335
strand,4500,0.001452
intro,4500,0.000187
bubble,4600,0.034850
selection,4600,0.022859
insertion,4600,0.002204
shell,4600,0.000368
heap,4600,0.000355
merge,4600,0.000422
quick,4600,0.000241
comb,4600,0.000341
cocktail,4600,0.034204
cycle,4600,0.014495
gnome,4600,0.033543
tim,4600,0.000185
counting,4600,0.000022
radix,4600,0.000094
bucket,4600,0.000309
pigeonhole,4600,0.000048
bitonic,4600,0.000776
stooge,4600,8.524791
oddeven,4600,0.007494
strand,4600,0.001401
intro,4600,0.000196
bubble,4700,0.034839
selection,4700,0.021026
insertion,4700,0.001922
shell,4700,0.000335
heap,4700,0.000386
merge,4700,0.000383
quick,4700,0.000238
comb,4700,0.000304
cocktail,4700,0.038758
cycle,4700,0.016329
gnome,4700,0.035013
tim,4700,0.000187
counting,4700,0.000023
radix,4700,0.000081
bucket,4700,0.000359
pigeonhole,4700,0.000053
bitonic,4700,0.000785
stooge,4700,8.484975
oddeven,4700,0.007972
strand,4700,0.001468
intro,4700,0.000203
bubble,4800,0.045480
selection,4800,0.021593
insertion,4800,0.002149
shell,4800,0.000400
heap,4800,0.000344
merge,4800,0.000363
quick,4800,0.000219
comb,4800,0.000320
cocktail,4800,0.039087
cycle,4800,0.016801
gnome,4800,0.039650
tim,4800,0.000234
counting,4800,0.000103
radix,4800,0.000091
bucket,4800,0.000344
pigeonhole,4800,0.000054
bitonic,4800,0.000816
stooge,4800,8.497918
oddeven,4800,0.008218
strand,4800,0.001553
intro,4800,0.000189
bubble,4900,0.038318
selection,4900,0.022812
insertion,4900,0.002464
shell,4900,0.000422
heap,4900,0.000362
merge,4900,0.000440
quick,4900,0.000271
comb,4900,0.000490
cocktail,4900,0.043566
cycle,4900,0.017440
gnome,4900,0.040125
tim,4900,0.000226
counting,4900,0.000022
radix,4900,0.000093
bucket,4900,0.000343
pigeonhole,4900,0.000048
bitonic,4900,0.000776
stooge,4900,8.626223
oddeven,4900,0.008882
strand,4900,0.001641
intro,4900,0.000207
bubble,5000,0.040170
selection,5000,0.024491
insertion,5000,0.002734
shell,5000,0.000531
heap,5000,0.000488
merge,5000,0.000516
quick,5000,0.000286
comb,5000,0.000333
cocktail,5000,0.043444
cycle,5000,0.018826
gnome,5000,0.038480
tim,5000,0.000242
counting,5000,0.000023
radix,5000,0.000090
bucket,5000,0.000374
pigeonhole,5000,0.000058
bitonic,5000,0.000848
stooge,5000,8.514763
oddeven,5000,0.009366
strand,5000,0.001683
intro,5000,0.000218
bubble,5100,0.043154
selection,5100,0.025061
insertion,5100,0.002998
shell,5100,0.000495
heap,5100,0.000404
merge,5100,0.000458
quick,5100,0.000254
comb,5100,0.000378
cocktail,5100,0.043731
cycle,5100,0.017957
gnome,5100,0.040916
tim,5100,0.000216
counting,5100,0.000022
radix,5100,0.000092
bucket,5100,0.000372
pigeonhole,5100,0.000055
bitonic,5100,0.000986
stooge,5100,8.505201
oddeven,5100,0.009795
strand,5100,0.001674
intro,5100,0.000210
bubble,5200,0.045424
selection,5200,0.025883
insertion,5200,0.003182
shell,5200,0.000490
heap,5200,0.000378
merge,5200,0.000420
quick,5200,0.000247
comb,5200,0.000337
cocktail,5200,0.045362
cycle,5200,0.021610
gnome,5200,0.041909
tim,5200,0.000249
counting,5200,0.000029
radix,5200,0.000099
bucket,5200,0.000460
pigeonhole,5200,0.000054
bitonic,5200,0.000886
stooge,5200,8.528329
oddeven,5200,0.009942
strand,5200,0.002030
intro,5200,0.000212
bubble,5300,0.045846
selection,5300,0.027248
insertion,5300,0.003438
shell,5300,0.000431
heap,5300,0.000482
merge,5300,0.000402
quick,5300,0.000225
comb,5300,0.000304
cocktail,5300,0.048524
cycle,5300,0.021247
gnome,5300,0.044232
tim,5300,0.000242
counting,5300,0.000031
radix,5300,0.000169
bucket,5300,0.000406
pigeonhole,5300,0.000061
bitonic,5300,0.000960
stooge,5300,9.154723
oddeven,5300,0.010054
strand,5300,0.001798
intro,5300,0.000224
bubble,5400,0.048057
selection,5400,0.028402
insertion,5400,0.002606
shell,5400,0.000426
heap,5400,0.000355
merge,5400,0.000396
quick,5400,0.000248
comb,5400,0.000319
cocktail,5400,0.048780
cycle,5400,0.019521
gnome,5400,0.046203
tim,5400,0.000284
counting,5400,0.000028
radix,5400,0.000127
bucket,5400,0.000510
pigeonhole,5400,0.000062
bitonic,5400,0.000915
stooge,5400,26.099553
oddeven,5400,0.011648
strand,5400,0.002314
intro,5400,0.000268
bubble,5500,0.046639
selection,5500,0.030387
insertion,5500,0.002905
shell,5500,0.000432
heap,5500,0.000587
merge,5500,0.000436
quick,5500,0.000262
comb,5500,0.000334
cocktail,5500,0.064953
cycle,5500,0.028790
gnome,5500,0.063422
tim,5500,0.000497
counting,5500,0.000030
radix,5500,0.000109
bucket,5500,0.000742
pigeonhole,5500,0.000061
bitonic,5500,0.000999
stooge,5500,28.832265
oddeven,5500,0.011216
strand,5500,0.001892
intro,5500,0.000228
bubble,5600,0.048539
selection,5600,0.031244
insertion,5600,0.003199
shell,5600,0.000485
heap,5600,0.000422
merge,5600,0.000686
quick,5600,0.000363
comb,5600,0.000374
cocktail,5600,0.053988
cycle,5600,0.021301
gnome,5600,0.048948
tim,5600,0.000276
counting,5600,0.000032
radix,5600,0.000117
bucket,5600,0.000525
pigeonhole,5600,0.000063
bitonic,5600,0.001005
stooge,5600,26.491082
oddeven,5600,0.012019
strand,5600,0.001958
intro,5600,0.000242
bubble,5700,0.065674
selection,5700,0.033058
insertion,5700,0.002937
shell,5700,0.000450
heap,5700,0.000388
merge,5700,0.000447
quick,5700,0.000269
comb,5700,0.000376
cocktail,5700,0.061204
cycle,5700,0.022383
gnome,5700,0.050609
tim,5700,0.000244
counting,5700,0.000146
radix,5700,0.000169
bucket,5700,0.000530
pigeonhole,5700,0.000053
bitonic,5700,0.001011
stooge,5700,27.921678
oddeven,5700,0.011807
strand,5700,0.002016
intro,5700,0.000256
bubble,5800,0.052723
selection,5800,0.033307
insertion,5800,0.003149
shell,5800,0.000417
heap,5800,0.000386
merge,5800,0.000448
quick,5800,0.000339
comb,5800,0.000404
cocktail,5800,0.055099
cycle,5800,0.025593
gnome,5800,0.053375
tim,5800,0.000243
counting,5800,0.000032
radix,5800,0.000205
bucket,5800,0.000486
pigeonhole,5800,0.000067
bitonic,5800,0.001033
stooge,5800,28.713282
oddeven,5800,0.016274
strand,5800,0.002933
intro,5800,0.000246
bubble,5900,0.063326
selection,5900,0.040438
insertion,5900,0.003623
shell,5900,0.000476
heap,5900,0.000488
merge,5900,0.000623
quick,5900,0.000452
comb,5900,0.000543
cocktail,5900,0.065004
cycle,5900,0.029718
gnome,5900,0.064280
tim,5900,0.000447
counting,5900,0.000074
radix,5900,0.000162
bucket,5900,0.000593
pigeonhole,5900,0.000064
bitonic,5900,0.001101
stooge,5900,28.629489
oddeven,5900,0.012978
strand,5900,0.002363
intro,5900,0.000266
bubble,6000,0.056796
selection,6000,0.044646
insertion,6000,0.007097
shell,6000,0.000730
heap,6000,0.000639
merge,6000,0.000718
quick,6000,0.000405
comb,6000,0.000563
cocktail,6000,0.069703
cycle,6000,0.028539
gnome,6000,0.059215
tim,6000,0.000370
counting,6000,0.000036
radix,6000,0.000122
bucket,6000,0.000525
pigeonhole,6000,0.000060
bitonic,6000,0.001118
stooge,6000,27.624270
oddeven,6000,0.014666
strand,6000,0.002249
intro,6000,0.000281
bubble,6100,0.062052
selection,6100,0.038848
insertion,6100,0.003686
shell,6100,0.000488
heap,6100,0.000408
merge,6100,0.000510
quick,6100,0.000305
comb,6100,0.000413
cocktail,6100,0.067528
cycle,6100,0.026610
gnome,6100,0.058767
tim,6100,0.000278
counting,6100,0.000026
radix,6100,0.000116
bucket,6100,0.000519
pigeonhole,6100,0.000063
bitonic,6100,0.001041
stooge,6100,28.389038
oddeven,6100,0.020779
strand,6100,0.003364
intro,6100,0.000476
bubble,6200,0.071873
selection,6200,0.044904
insertion,6200,0.004524
shell,6200,0.000527
heap,6200,0.000435
merge,6200,0.000586
quick,6200,0.000340
comb,6200,0.000484
cocktail,6200,0.075896
cycle,6200,0.039036
gnome,6200,0.076184
tim,6200,0.000249
counting,6200,0.000061
radix,6200,0.000116
bucket,6200,0.000500
pigeonhole,6200,0.000063
bitonic,6200,0.001260
stooge,6200,27.093633
oddeven,6200,0.016120
strand,6200,0.002433
intro,6200,0.000342
bubble,6300,0.068967
selection,6300,0.039844
insertion,6300,0.003822
shell,6300,0.000480
heap,6300,0.000421
merge,6300,0.000446
quick,6300,0.000317
comb,6300,0.000460
cocktail,6300,0.065850
cycle,6300,0.028213
gnome,6300,0.061743
tim,6300,0.000295
counting,6300,0.000030
radix,6300,0.000120
bucket,6300,0.000677
pigeonhole,6300,0.000065
bitonic,6300,0.001104
stooge,6300,26.407261
oddeven,6300,0.015955
strand,6300,0.002382
intro,6300,0.000291
bubble,6400,0.070457
selection,6400,0.041428
insertion,6400,0.003784
shell,6400,0.000522
heap,6400,0.000439
merge,6400,0.000505
quick,6400,0.000295
comb,6400,0.000417
cocktail,6400,0.069539
cycle,6400,0.029970
gnome,6400,0.066834
tim,6400,0.000307
counting,6400,0.000046
radix,6400,0.000124
bucket,6400,0.000585
pigeonhole,6400,0.000065
bitonic,6400,0.001065
stooge,6400,27.927239
oddeven,6400,0.015822
strand,6400,0.002380
intro,6400,0.000331
bubble,6500,0.070932
selection,6500,0.048009
insertion,6500,0.004449
shell,6500,0.000498
heap,6500,0.000478
merge,6500,0.000486
quick,6500,0.000328
comb,6500,0.000441
cocktail,6500,0.071410
cycle,6500,0.033088
gnome,6500,0.075006
tim,6500,0.000307
counting,6500,0.000072
radix,6500,0.000125
bucket,6500,0.000550
pigeonhole,6500,0.000059
bitonic,6500,0.001118
stooge,6500,27.690451
oddeven,6500,0.017363
strand,6500,0.002780
intro,6500,0.000319
bubble,6600,0.075532
selection,6600,0.049349
insertion,6600,0.004227
shell,6600,0.000540
heap,6600,0.000510
merge,6600,0.000589
quick,6600,0.000371
comb,6600,0.000490
cocktail,6600,0.076837
cycle,6600,0.033382
gnome,6600,0.072347
tim,6600,0.000311
counting,6600,0.000029
radix,6600,0.000138
bucket,6600,0.000600
pigeonhole,6600,0.000075
bitonic,6600,0.001221
